Customer Name,Marketer,Region,Status
A&K Pharmaceutical,Hasnain Shams,Lahore,Undeveloped
A.Z. Pharmaceutical Co. Ltd.,Hasnain Shams,Lahore,Undeveloped
A’Raf (Pvt.) Ltd.,Hasnain Shams,Lahore,Developed
AGM Pharma,Hasnain Shams,Lahore,Undeveloped
Albro Pharmaceutical (Pvt.) Ltd.,Hasnain Shams,Lahore,Undeveloped
Alfalah Pharma (Pvt.) Ltd.,Mashood Ahmad,Lahore,Developed
Al Fazal Pharma (Pvt.) Ltd.,Aaira Khan,Lahore,Developed
Ali Industries,Hamza Ali Khan,Lahore,Developed
Alpha chemical (Pvt.) Ltd.,Hasnain Shams,Lahore,Undeveloped
Allmed Pharmaceuticals,Mashood Ahmad,Lahore,Developed
Amaan Pharma (Pvt.) Ltd.,Mashood Ahmad,Lahore,Developed
Ameer & Adnan Pharmaceuticals (Pvt.) Ltd.,Hasnain Shams,Lahore,Undeveloped
Ameer Pharma,Aaira Khan,Lahore,Developed
Aptcure (Pvt.) Ltd.,Mashood Ahmad,Lahore,Developed
Arsons Pharmaceuticals Industries (Pvt.) Ltd.,Aaira Khan,Lahore,Developed
Axis Pharmaceuticals,Hamza Ali Khan,Lahore,Developed
Bajwa Pharmaceuticals (Pvt.) Ltd.,Mashood Ahmad,Lahore,Developed
Batala Pharmaceuticals,Hamza Ali Khan,Lahore,Developed
BF Bioscinences Ltd. (Ferozsons Company),Mashood Ahmad,Lahore,Undeveloped
Bio-Mark Pharmaceuticals,Imran Khan,Lahore,Developed
Bio-Oxime Pharmaceuticals,Hasnain Shams,Lahore,Undeveloped
Biorise Pharmaceuticals,Aaira Khan,Lahore,Undeveloped
BJ Pharmaceutical,,Lahore,Developed
Bless Laboratories,Imran Khan,Lahore,Developed
Briell Pharmaceutical (Pvt.) Ltd.,Hamza Ali Khan,Lahore,Developed
British Pharmaceutical,Hasnain Shams,Lahore,Undeveloped
Candid Pharmaceuticals,Hasnain Shams,Lahore,Undeveloped
Care Pharmaceuticals,Hasnain Shams,Lahore,Developed
CCL Pharmaceuticals (Pvt.) Ltd.,Imran Khan,Lahore,Developed
Citi Pharma (Pvt.) Ltd.,Mashood Ahmad,Lahore,Developed
Cunningham Pharmaceutical,Mashood Ahmad,Lahore,Developed
Curatech Pharmaceuticals (Pvt.) Ltd.,Aaira Khan,Lahore,Developed
Curexa Pharma Health Pvt.,Hasnain Shams,Lahore,Undeveloped
Demont Research labs,Hamza Ali Khan,Lahore,Developed
Derma Techno Pakistan,Hasnain Shams,Lahore,Undeveloped
Don Valley Pharm (Pvt.) Ltd.,Mashood Ahmad,Lahore,Developed
Dyson Research Laboratories (Pvt.) Ltd.,Hamza Ali Khan,Lahore,Developed
Effort Pharmaceuticals (Pvt.) Ltd.,Hasnain Shams,Lahore,Developed
Elite Pharma (Pvt.) Ltd.,Muhammad Zubair,Lahore,Developed
English Pharma Industries,Hasnain Shams,Lahore,Developed
Ethical Laboratories,Muhammad Zubair,Lahore,Developed
Evergreen Pharmaceuticals (Pvt.) Ltd.,Mashood Ahmad,Lahore,Developed
Fahmir Pharma,Mashood Ahmad,Lahore,Developed
Fizi Pharmaceuticals and Chemical Laboratories,Mashood Ahmad,Lahore,Developed
Flash Laboratories,,Lahore,Developed
Friends Pharma (Pvt.) Ltd.,Hamza Ali Khan,Lahore,Developed
Fynk Pharmaceuticals,Mashood Ahmad,Lahore,Developed
Garent Pharma,Hasnain Shams,Lahore,Undeveloped
Genesis Pharmaceuticals (Pvt.) Ltd.,Hasnain Shams,Lahore,Developed
Genetics Pharma,Imran Khan,Lahore,Developed
GT Pharma (Pvt.) Ltd.,Muhammad Zubair,Lahore,Developed
Haaks Vethum (Pvt.) Ltd.,Hasnain Shams,Lahore,Undeveloped
Himark Laboratories (Pvt.) Ltd.,Hasnain Shams,Lahore,Developed
Hamaz Pharmaceutical (Pvt.) Ltd.,Mashood Ahmad,Lahore,Developed
Hansel Pharmaceuticals (Pvt.) Ltd.,Hasnain Shams,Lahore,Developed
Harrison Pharmaceutical,Mashood Ahmad,Lahore,Developed
Harmann PharmLabs,Hasnain Shams,Lahore,Undeveloped
Health Care Pharmaceuticals,Muhammad Zubair,Lahore,Developed
Highnoon Laboratories,Mashood Ahmad,Lahore,Developed
Himed International Pharmaceutical,Hamza Ali Khan,Lahore,Developed
Himont Pharma (Pvt.) Ltd.,Mashood Ahmad,Lahore,Undeveloped
Horizon Healthcare,Mashood Ahmad,Lahore,Developed
Hoover Pharmaceuticals (Pvt.) Ltd.,Aaira Khan,Lahore,Developed
ICU Pharmaceuticals,Imran Khan,Lahore,Developed
Ideal Pharma Industries,Hamza Ali Khan,Lahore,Undeveloped
International Pharma,Mashood Ahmad,Lahore,Developed
Intervac (Pvt.) Ltd.,,Lahore,Developed
Irza Pharma,Aaira Khan,Lahore,Developed
Islam Pharma (Pvt.) Ltd.,Imran Khan,Lahore,Developed
Izfaar Pharmaceutical Industries,Aaira Khan,Lahore,Developed
Jaens Pharmaceuticals Industries,Hasnain Shams,Lahore,Developed
Jaskan Pharmaceuticals Industries (Pvt.) Ltd.,Hamza Ali Khan,Lahore,Developed
Jawa Pharmaceutical (Pvt.) Ltd.,Aaira Khan,Lahore,Developed
Jenner Pharmeceuticals (Pvt.) Ltd.,Hamza Ali Khan,Lahore,Developed
Jinnah Pharmaceuticals (Pvt.) Ltd.,Mashood Ahmad,Lahore,Developed
Kohinoor Industries,Aaira Khan,Lahore,Developed
Lahore Chemicals & Pharma Works,Mashood Ahmad,Lahore,Developed
Lakhani Pharma (Pvt.) Ltd.,Hasnain Shams,Lahore,Developed
Lawrence Pharma (Pvt.) Ltd.,Aaira Khan,Lahore,Undeveloped
Life Pharma Co.,Mashood Ahmad,Lahore,Developed
Liven Pharma,Mashood Ahmad,Lahore,Undeveloped
Magns Pharmaceutical,Mashood Ahmad,Lahore,Developed
Majestic Pharma,Hasnain Shams,Lahore,Undeveloped
Mallard Pharmaceuticals (Pvt.) Ltd.,Mashood Ahmad,Lahore,Developed
Masfa Industries (Pvt.) Ltd.,Muhammad Zubair,Lahore,Developed
Mass Pharma (Pvt.) Ltd.,Hasnain Shams,Lahore,Undeveloped
May & Baker (Pvt.) Ltd.,Hamza Ali Khan,Lahore,Developed
Mcolson Research Laboratories (Pvt.) Ltd.,Hamza Ali Khan,Lahore,Developed
Medhouse Pharma,Hasnain Shams,Lahore,Undeveloped
Medipak Ltd.,,Lahore,Developed
Medpharm Resaerch Laboratories,Hamza Ali Khan,Lahore,Developed
Medisave Pharmaceuticals,Mashood Ahmad,Lahore,Developed
Medisearch Pharmaceuticals (Pvt.) Ltd.,Hamza Ali Khan,Lahore,Developed
Mega pharmaceuticals Ltd.,Hamza Ali Khan,Lahore,Developed
Moringa Pharmaceuticals,Aaira Khan,Lahore,Developed
MTI Medical (Pvt.) Ltd.,Mashood Ahmad,Lahore,Developed
Murfy Pharmaceuticals (Pvt.) Ltd.,Hasnain Shams,Lahore,Undeveloped
Mylabs (Pvt.) Ltd.,Hasnain Shams,Lahore,Undeveloped
Nawabsons Laboratories (Pvt.) Ltd.,Mashood Ahmad,Lahore,Developed
Neutrifactor Laboratories (Pvt.) Ltd.,Hasnain Shams,Lahore,Undeveloped
Neutro Pharma (Pvt.) Ltd.,Hamza Ali Khan,Lahore,Developed
News Pharma,Hasnain Shams,Lahore,Undeveloped
Neotech Pharmaceuticals (Pvt.) Ltd.,,Lahore,Developed
Next Pharmaceutical Products (Pvt.) Ltd.,Hamza Ali Khan,Lahore,Developed
NovaMed Pharmaceuticals,Mashood Ahmad,Lahore,Developed
OBS pvt Ltd.,Imran Khan,Lahore,Developed
Obsons Pharma,Hamza Ali Khan,Lahore,Developed
P.D.H Laboratories (Pvt.) Ltd.,Mashood Ahmad,Lahore,Developed
P.D.H Pharmaceuticals (Pvt.) Ltd.,Imran Khan,Lahore,Developed
Pacific Pharma,Mashood Ahmad,Lahore,Undeveloped
Paradise Pharma,Hamza Ali Khan,Lahore,Undeveloped
Perfect Pharma (Pvt.) Ltd.,Hamza Ali Khan,Lahore,Developed
Pharma Lord (Pvt.) Ltd.,Aaira Khan,Lahore,Undeveloped
Pharmagen Ltd.,Mashood Ahmad,Lahore,Developed
Pharmahealth Pakistan (Pvt.) Ltd.,Hasnain Shams,Lahore,Undeveloped
Pharmasol (Pvt.) Ltd.,Hasnain Shams,Lahore,Undeveloped
Pharma Wise (Pvt.) Ltd.,Hasnain Shams,Lahore,Developed
Pharmazone Chemicals (Pvt.) Ltd.,Hamza Ali Khan,Lahore,Developed
Pharmedic Lab,Mashood Ahmad,Lahore,Developed
Pharmix Lab,Aaira Khan,Lahore,Developed
Popular Chemical Works,Hasnain Shams,Lahore,Developed
Prix Pharmaceuticals (Pvt.) Ltd.,Aaira Khan,Lahore,Undeveloped
Pulse Pharmaceuticals (Pvt.) Ltd.,Hamza Ali Khan,Lahore,Developed
Qadir Pharma,Mashood Ahmad,Lahore,Developed
Qintar Pharmaceutical,Mashood Ahmad,Lahore,Developed
Quaper (Pvt.) Ltd.,Hamza Ali Khan,Lahore,Developed
Raazee Therapeutics (Pvt.) Ltd.,Mashood Ahmad,Lahore,Developed
Radiant Pharma (Pvt.) Ltd.,Hasnain Shams,Lahore,Undeveloped
Rasco Pharma,Hamza Ali Khan,Lahore,Developed
Remington Pharmaceutical Industries (Pvt.) Ltd.,Mashood Ahmad,Lahore,Undeveloped
Route 2 Health,Mashood Ahmad,Lahore,Developed
Ruth Pharmaceuticals,Hasnain Shams,Lahore,Undeveloped
Saffron Pharmaceuticals (Pvt.) Ltd.,Hasnain Shams,Lahore,Undeveloped
Sapient Pharma,Hamza Ali Khan,Lahore,Developed
Saturn Pharmaceuticals (Pvt.) Ltd.,Mashood Ahmad,Lahore,Developed
Searle IV Solutions (Pvt.) Ltd.,Hasnain Shams,Lahore,Undeveloped
Spectrum Laboratories,Hasnain Shams,Lahore,Undeveloped
Schazoo Zaka (Pvt.) Ltd.,Mashood Ahmad,Lahore,Undeveloped
Seatle Pharmaceuticals Pakistan Ltd.,Abdul Moeez,Lahore,Developed
Selmore Pharmaceuticals (Pvt.) Ltd.,Hasnain Shams,Lahore,Developed-GGC
Sharex Labs.,Hasnain Shams,Lahore,Developed
Shrooq Pharmaceuticals (Pvt.) Ltd.,Aaira Khan,Lahore,Developed
Siza International,Mashood Ahmad,Lahore,Developed
Skims Pharmaceutical,Hasnain Shams,Lahore,Developed
Stallion Pharmaceuticals (Pvt.) Ltd.,Hasnain Shams,Lahore,Undeveloped
Standpharm Pakistan,Hasnain Shams,Lahore,Developed
Star Laboratories,Aaira Khan,Lahore,Developed
Sunshine Pharamceuticals,Imran Khan,Lahore,Developed
Symans Pharma,Mashood Ahmad,Lahore,Developed
Synchro Phaarmaceuticals,Imran Khan,Lahore,Developed
Theramed Pharmaceutical,Hamza Ali Khan,Lahore,Developed
The Schazoo Pharmaceutical Laboratories (Pvt.) Ltd.,Imran Khan,Lahore,Developed
T.N. Pharmaceutical,Hasnain Shams,Lahore,Developed
Titlis Pharma,Mashood Ahmad,Lahore,Developed
Trend Pharma,Mashood Ahmad,Lahore,Developed
Trigon Pharma,Mashood Ahmad,Lahore,Developed
Trison Research Labortoreis (Pvt.) Ltd.,Hasnain Shams,Lahore,Undeveloped
Unexo laboratories,Imran Khan,Lahore,Developed
Unison Chemical Works,Mashood Ahmad,Lahore,Developed
Variant Pharmaceuticals (Pvt.) Ltd.,Mashood Ahmad,Lahore,Developed
Vetrox Pharmaceuticals,Hasnain Shams,Lahore,Developed
Vega Pharmaceuticals (Pvt.) Ltd.,Hasnain Shams,Lahore,Developed
Venus Pharma (Pvt.) Ltd.,Mashood Ahmad,Lahore,Developed
Wallace Pharma Evolution,Hasnain Shams,Lahore,Undeveloped
Well Wink Pharmaceuticals,Imran Khan,Lahore,Developed
Wilshire Labs (Pvt.) Ltd.,Hasnain Shams,Lahore,Undeveloped
WinLet Pharma,Hamza Ali Khan,Lahore,Developed
World Biz Pharmaceuticals,Hamza Ali Khan,Lahore,Developed
Xenon Pharamaceuticals (Pvt.) Ltd.,Mashood Ahmad,Lahore,Developed
Zakfas pharmaceuticals (Pvt.) Ltd.,,Lahore,Developed
Zamko Pharmaceuticals (Pvt.) Ltd.,Mashood Ahmad,Lahore,Developed
Zenith Chemical Industries (Pvt.) Ltd.,Hasnain Shams,Lahore,Undeveloped
Zeta Pharma,Hamza Ali Khan,Lahore,Developed
Advanced Pharmaceutials,Imran Khan,Islamabad,Developed
Aims Pharmaeuticals,,Islamabad,Developed
Akson Pharmaceuticals,Imran Khan,KPK,Developed
Alliance Pharmaceuticals Pvt .Limited,Aaira Khan,KPK,Developed
Alpenglow Pharmaceuticals Pvt. Limited,,KPK,Undeveloped
Ambrosia Pharmaceuticals,Hamza Ali Khan,Islamabad,Developed
Amson Vaccine & Pharma Pvt Ltd,Imran Khan,Islamabad,Developed
Amster Labs,Imran Khan,Islamabad,Undeveloped
Anthro API-GEN (Pvt.) Ltd.,Imran Khan,Islamabad,Developed
AKHSAH pharma new plant,Aaira Khan,Islamabad,Developed
Alen Pharmaceutical (Pvt.) Ltd.,,KPK,Undeveloped
Aries Pharmaceutical (Pvt.) Ltd.,Aaira Khan,KPK,Developed
"Arreta Pharma,",Imran Khan,Islamabad,Developed
Ashraf Sons Pharmaceuticals Pvt Ltd,,KPK,Developed
Astellas Pharmaceuticals Pvt Ltd,,KPK,Developed
Athans Pharmaceuticals,Hamza Ali Khan,Islamabad,Developed
Atlantic Pharmaceuticals,,KPK,Undeveloped
Attabak Pharmaceuticals Industries,Imran Khan,Islamabad,Undeveloped
Aulton Pharmaeuticals,Hamza Ali Khan,Islamabad,Developed
Benson Pharmaceuticals,Hamza Ali Khan,Islamabad,Developed
BIORIFIC PHARMA,,Islamabad,Developed
Bio Labs Pvt Ltd,Hamza Ali Khan,Islamabad,Developed
Biogen Pharmaceutical Pvt Ltd,Imran Khan,Islamabad,Developed
Biogen Life Sciences Pvt Ltd,Imran Khan,Islamabad,Developed
Bio-Next pharmaceuticals,Hamza Ali Khan,Islamabad,Undeveloped
Biorex Pharmaceuticals,Imran Khan,Islamabad,Developed
Bloom Pharmaceuticals Pvt Ltd,Imran Khan,Islamabad,Developed
Brooklyn Pharmaceuticals,,KPK,Undeveloped
"Bryon Pharmaceuticals Pvt Ltd,",Imran Khan,Islamabad,Developed
Caliph Pharmaceutical (Pvt.) Ltd.,Imran Khan,KPK,Developed
Carer Pharmaceuticals,Imran Khan,Islamabad,Developed
Crest Pharmaceuticals,Imran Khan,Islamabad,Developed
Crystolite Pharmaeuticals Pvt Ltd,Imran Khan,Islamabad,Developed
CSH Pharmaceutical-North (Pvt) Ltd,,KPK,Developed
Cure Laboratories,Imran Khan,Islamabad,Developed
Danas Pharmaeuticals Pvt Ltd,Imran Khan,Islamabad,Developed
Davis Pharmaceuticals Laboratories,Imran Khan,Islamabad,Developed
Dew Max Pharmaceutical,Imran Khan,Islamabad,Developed
D-haans Pharma (Pvt.) Ltd.,Aaira Khan,Islamabad,Developed
"Dr. Raza Pharma Pvt Ltd,",Hamza Ali Khan,KPK,Developed
EG Pharma,Imran Khan,Islamabad,Undeveloped
Elegance Pharmaceuticals,Imran Khan,Islamabad,Undeveloped
Eterna Pharma Pvt Ltd,Imran Khan,Islamabad,Undeveloped
Evolution Pharmaeuticals Pvt Ltd,Imran Khan,Islamabad,Developed
FALCON LABORATORIES (PRIVATE) LIMITED.,,KPK,Developed
Farm Aid Group,Imran Khan,Islamabad,Developed
Fassgen Pharmaceuticals,Imran Khan,Islamabad,Developed
Fast Pharmaceutical,Imran Khan,Islamabad,Undeveloped
Fedro Pharmaceutical,Imran Khan,KPK,Developed
Ferozsons Laboratories Limited,Imran Khan,KPK,Undeveloped
Filix Pharmaceuticals,Hamza Ali Khan,Islamabad,Developed
Focus & Rulz Pharmaceuticals Pvt Ltd,Imran Khan,Islamabad,Developed
Fozan Pharmaceuticals,Hamza Ali Khan,KPK,Developed
Fredman Pharmaceuticals,Imran Khan,KPK,Developed
Fresh Pharmaceuticals,Imran Khan,Islamabad,Developed
Genom Pharmaceutical,Imran Khan,Islamabad,Developed
Gilman Pharmaceutical (Pvt.) Ltd.,Aaira Khan,KPK,Undeveloped
Glitz Pharmaceuticals,Imran Khan,Islamabad,Developed
Global Pharmaceuticals Pvt Ltd,Imran Khan,Islamabad,Developed
Global Pharmaceuticals Pakistan Pvt Ltd.,Imran Khan,Islamabad,Developed
Glorious lab,Imran Khan,Islamabad,Developed
"Grand Pharma Pvt Ltd,",Imran Khan,Islamabad,Undeveloped
Greater Pharma,Imran Khan,Islamabad,Developed
Grays pharmaceuticals,Imran Khan,Islamabad,Developed
Gulf Pharmaeuticals,Imran Khan,Islamabad,Developed
Haarolds Pharmaceuticals,Aaira Khan,Islamabad,Undeveloped
Hawk Bio Pharma Pvt Ltd,Imran Khan,Islamabad,Undeveloped
Heal Pharmaceuticals Pvt Ltd,Imran Khan,KPK,Developed
HiSun Pharmaceutical Industries,,KPK,Undeveloped
Hicon Pharmaceuticals,,KPK,Developed
"Hizat Pharmaceutical Industry, Ltd",,KPK,Undeveloped
Hygeia Pharmaceuticals,Imran Khan,Islamabad,Developed
Innvotek Pharma,Imran Khan,Islamabad,Developed
Invectus Pharmaeuticals,Imran Khan,Islamabad,Developed
Ipram Pharmaeutical International,Imran Khan,Islamabad,Developed
Iqra Pharmaceuticals,Imran Khan,Islamabad,Developed
ONYX PHARMACEUTICALS (PVT) LTD,Imran Khan,KPK,Developed
Rite Bio Sciences,Imran Khan,Islamabad,Developed
JHK PHARMA (PVT) LTD,,KPK,Undeveloped
JSK medical pvt ltd,,KPK,Developed
Kanel Pharmaceuticals,Hamza Ali Khan,Islamabad,Developed
Karsons Pharmaeuticals,Imran Khan,Islamabad,Developed
Lawari International Pharmaceutical,Imran Khan,KPK,Developed
Legacy Pharmaceuticals Pvt Ltd,,KPK,Developed
Leads Pharma (Pvt.) Ltd.,Imran Khan,Islamabad,Undeveloped
Linear Pharmaceuticals,Imran Khan,Islamabad,Developed
Linta Pharmaceuticals (Pvt) Ltd.,Imran Khan,Islamabad,Developed
"Lowitt Pharma Pvt Ltd,",Imran Khan,KPK,Developed
Max Pharmaceutical,Imran Khan,Islamabad,Developed
Medera Pharmaeuticals,Imran Khan,Islamabad,Developed
Medicon Pharmaceutical (Pvt) Ltd,Aaira Khan,KPK,Developed
"Medicraft Pharmaceuticals, Pvt Ltd",Hamza Ali Khan,KPK,Developed
Mediexcel Pharmaceuticals,Imran Khan,Islamabad,Undeveloped
Medifine Laboratories,Imran Khan,KPK,Developed
Medisynth Pharmaceuticals,Imran Khan,Islamabad,Developed
Metro Pharmaeuticals,Imran Khan,Islamabad,Developed
Miracle Pharmaceuticals (Pvt.) Ltd,Imran Khan,Islamabad,Developed
"MKB Pharmaceuticals (Pvt.), Ltd",,KPK,Developed
Nagar Sons Pharmaceuticals (Pvt.) Ltd.,,Islamabad,Developed
Nahal Pharmaceuticals (Pvt.) Ltd.,Imran Khan,Islamabad,Developed
Navegal Laboratories,Imran Khan,Islamabad,Developed
Nawal Pharmaceutical,,KPK,Developed
Nenza Pharmaceuticals Pvt Ltd,,KPK,Undeveloped
Nicholas pharmaceuticals,Imran Khan,Islamabad,Developed
Nimral Laboratories,,Islamabad,Undeveloped
Noble Pharma,Aaira Khan,KPK,Developed
Novae Pharmaceuticals,Imran Khan,Islamabad,Undeveloped
Novex Pharmaceutical,Imran Khan,Islamabad,Developed
Nutrabiotics Nutritional Life Science,Imran Khan,KPK,Developed
Olive Laboratories,,Islamabad,Developed
Pak German Pharma,,KPK,Undeveloped
Panacea Pharmaceuticals,Hamza Ali Khan,Islamabad,Developed
Paramount Pharmaceuticals,Imran Khan,Islamabad,Developed
Pearl Pharmaceuticals,Imran Khan,Islamabad,Developed
Perk Pharma Pvt. Ltd,,KPK,Undeveloped
Pine Pharmaceutical,Imran Khan,Islamabad,Developed
Pivotal Pharmaceuticals (Pvt.) Ltd.,,Islamabad,Undeveloped
Poly Fine Chempharm Ltd,Hamza Ali Khan,KPK,Developed
Prays Pharmaceuticals,Imran Khan,Islamabad,Developed
Rakaposhi Pharmaceuticals (Pvt) Ltd,,KPK,Developed
Regal Pharmaceutical,Imran Khan,Islamabad,Developed
Rock Pharmaeutical,Imran Khan,KPK,Developed
Rogen pharmaceuticals,Imran Khan,Islamabad,Developed
Roryan Pharmaceuticals,,KPK,Developed
Rotex Pharma (Pvt) Ltd,Imran Khan,Islamabad,Developed
Saibins Pharmaceuticals,Imran Khan,Islamabad,Undeveloped
Salford Laboratories (Pvt.) Ltd.,,Islamabad,Undeveloped
Sawan Pharmaceutocal pvt Ltd,Imran Khan,Islamabad,Undeveloped
Saydon Pharmaeuticals,,KPK,Developed
Seraph Pharmaceuticals,Imran Khan,Islamabad,Developed
Shaigan Pharmaceuticals Pvt Ltd,Imran Khan,Islamabad,Developed
Shawan Pharmaceuticals,Imran Khan,Islamabad,Developed
Shaheen Pharmaceutical,Hamza Ali Khan,KPK,Developed
SNB Pharmaceutials Pvt Ltd,,KPK,Developed
Stanley Pharmaceuticals Pvt Ltd,Imran Khan,KPK,Developed
Starways,Hamza Ali Khan,KPK,Developed
Stiflex Pharmaceuticas,,KPK,Undeveloped
Treat Pharmaceutical,Aaira Khan,KPK,Developed
Trivista Pharmaceutical,Imran Khan,KPK,Undeveloped
Unimark Pharmaeuticals,Imran Khan,Islamabad,Developed
Unisa Pharmaceutical Industries Ltd.,,KPK,Developed
Universal Pharmaceuticals,Imran Khan,Islamabad,Developed
Univet Pharmaceutical,Imran Khan,Islamabad,Developed
Usawa Pharmaceuticals,Imran Khan,KPK,Undeveloped
Valor Pharmaceutials,Imran Khan,Islamabad,Developed
Vision Pharmaceuticals Pvt Ltd,Imran Khan,Islamabad,Developed
Weatherfold Pharmaceutiacls,Imran Khan,Islamabad,Developed
Webrose Pharmaceuticals,Imran Khan,Islamabad,Developed
Wellborne Pharmachem & Biologicals,Imran Khan,Islamabad,Developed
Well & Well Pharma Pvt Ltd,Imran Khan,Islamabad,Developed
Wellmark Pharmaceuticals,Hamza Ali Khan,Islamabad,Developed
Welmed Pharmaceuticals,Hamza Ali Khan,KPK,Developed
Welward Pharmaceutical,Imran Khan,Islamabad,Developed
Wenovo Pharmaceuticals,Imran Khan,KPK,Developed
Winbrain Research Laboratories,Imran Khan,Islamabad,Developed
Winlinton pharmaceuticals,Imran Khan,Islamabad,Developed
Wilson Healthcare,Imran Khan,Islamabad,Developed
Werrick Pharmaceuticals,Imran Khan,Islamabad,Developed
Wisdom Pharmaeutical Co; Ltd,,KPK,Developed
Wise Pharmaceuticals,Imran Khan,Islamabad,Developed
Wnsfield Pharmaceuticals,Imran Khan,Islamabad,Developed
Zinta Pharmaceutical Industry,,KPK,Developed
Z-Jans Pharmaceutical (Pvt) Ltd,,KPK,Developed
Abbott Lahoratories (Pakistan) Ltd.,Abdul Moeez,Karachi,Undeveloped
Adamjee Pharmaceuticals (Pvt) Ltd.,Abdul Moeez,Karachi,Undeveloped
AGP Ltd.,Imran Khan,Karachi,Developed
AJM PHARMA (PVT) LTD.,Abdul Moeez,Karachi,Undeveloped
Amarant Pharamceuticals (Pvt) Ltd.,Abdul Moeez,Karachi,Developed
Amros Pharmaceuticals,Hamza Ali Khan,Karachi,Developed
Asian Continental (Pvt) Ltd.,Hamza Ali Khan,Karachi,Developed
Aspin Pharma (Pvt) Ltd.,Abdul Moeez,Karachi,Developed
Atco Laboratories Limited,Abdul Moeez,Karachi,Developed
Avensis,Abdul Moeez,Karachi,Developed
Baariq Pharmaceuticals,Aaira Khan,Karachi,Undeveloped
Barrett Hodgson Pakistan (Pvt) Ltd.,Abdul Moeez,Karachi,Developed
Bosch Pharmaceuticals (Pvt) Ltd.,Abdul Moeez,Karachi,Developed
Brookes Pharma (Pvt) Ltd.,Abdul Moeez,Karachi,Developed
Cibex (Pvt) Ltd.,Abdul Moeez,Karachi,Undeveloped
City Pharmaceutical Laboratories,Abdul Moeez,Karachi,Developed
Efroze Chemical Industries (Pvt) Ltd.,Abdul Moeez,Karachi,Developed
Elko Organization (Pvt) Ltd.,Abdul Moeez,Karachi,Developed
E-Pharm Laboratories,Abdul Moeez,Karachi,Developed
Epla Laboratories (Pvt) Ltd.,Aaira Khan,Karachi,Developed
Epoch Pharmaceuticals,Abdul Moeez,Karachi,Developed
Eros Pharmaceuticals (Pvt) Ltd,Abdul Moeez,Karachi,Undeveloped
Faas Pharmaceuticals (Pvt) Ltd,Abdul Moeez,Karachi,Developed
Genix Pharma (Pvt) Ltd.,Abdul Moeez,Karachi,Undeveloped
Geofman Pharmaceuticals,Abdul Moeez,Karachi,Developed
Getz Pharma (Pvt) Ltd.,Abdul Moeez,Karachi,Undeveloped
GlaxoSmithKline (Haleon),Abdul Moeez,Karachi,Undeveloped
Galaxy Pharma Pvt. Ltd.,Abdul Moeez,Karachi,Undeveloped
Helix Pharma (Pvt) Ltd.,Abdul Moeez,Karachi,Developed
Herbion Pakistan (Pvt) Ltd,Dr. Ahsan Raza,Karachi,Developed
High-Q Pharmaceuticals,Dr. Ahsan Raza,Karachi,Developed
Hilton Pharma (Pvt) Ltd.,Aaira Khan,Karachi,Undeveloped
Hiranis Pharmaceuticals (Pvt) Ltd.,,Karachi,Direct
Hudson Pharma (Pvt) Ltd.,Imran Khan,Karachi,Undeveloped
Indus Pharma (Pvt) Ltd.,Hamza Ali Khan,Karachi,Developed
Inventor Pharma,Abdul Moeez,Karachi,Developed
Jfrin Pharmaceutical Laboratories,Abdul Moeez,Karachi,Undeveloped
Kaizen Pharmaceuticals (Pvt) Ltd.,Hamza Ali Khan,Karachi,Developed
Karachi Chemical Industries (Pvt) Ltd.,Abdul Moeez,Karachi,Undeveloped
Karachi Pharmaceutical Labs,Abdul Moeez,Karachi,Undeveloped
Le Mendoza Pharmaceuticals (Pvt) Ltd.,Abdul Moeez,Karachi,Undeveloped
Linz Pharmaceuticals (Pvt) Ltd.,Abdul Moeez,Karachi,Undeveloped
Lisko Pakistan (Pvt) Ltd.,Abdul Moeez,Karachi,Developed
Lucky Core Industries Ltd,Abdul Moeez,Karachi,Developed
Macter International Ltd.,Abdul Moeez,Karachi,Undeveloped
Mafins Pharma,Abdul Moeez,Karachi,Developed
Manhattan Pharmaceutical,Abdul Moeez,Karachi,Developed
Maple Pharmaceuticals (Pvt) Ltd.,Abdul Moeez,Karachi,Undeveloped
Martin Dow Ltd.,Abdul Moeez,Karachi,Developed
Martin Dow Marker Ltd.,Abdul Moeez,Karachi,Undeveloped
MBL Pharma,Abdul Moeez,Karachi,Developed
Maxitech Pharma (Pvt) Ltd.,Abdul Moeez,Karachi,Developed
Mediate Pharmaceutical (Pvt) Ltd.,,Karachi,Undeveloped
Medicaids (Pvt) Ltd.,Abdul Moeez,Karachi,Developed
Medisure Laboratories Pakistan (Pvt) Ltd.,Abdul Moeez,Karachi,Developed
Nabiqasim Industries (Pvt) Ltd.,Hamza Ali Khan,Karachi,Developed
Nawan Laboratories (Pvt) Ltd.,Aaira Khan,Karachi,Developed
Newton Health Care (Pvt) Ltd.,Abdul Moeez,Karachi,Developed
Novartis Pharma (Pak) Ltd.,Hamza Ali Khan,Karachi,Undeveloped
Novins International (Pvt) Ltd.,Abdul Moeez,Karachi,Developed
OBS Pakistan (Pvt) Ltd.,Imran Khan,Karachi,Undeveloped
Oncogen Pharma,Hamza Ali Khan,Karachi,Undeveloped
One Health Pharma,Abdul Moeez,Karachi,Undeveloped
Organics Pharma,Abdul Moeez,Karachi,Developed
Opal Laboratories (Pvt) Ltd.,Abdul Moeez,Karachi,Developed
Ophth-Pharma (Pvt) Ltd.,Abdul Moeez,Karachi,Developed
Otsuka Pakistan Ltd,Aaira Khan,Karachi,Undeveloped
Pakistan Pharmaceutical Products (Pvt) Ltd.,Abdul Moeez,Karachi,Developed
Palpex Pharmaceuticals (Pvt) Ltd.,Hamza Ali Khan,Karachi,Developed
Pinnacle Biotech,Abdul Moeez,Karachi,Developed
Pfizer Pakistan Ltd.,Abdul Moeez,Karachi,Undeveloped
Pharmatec Pakistan (Pvt) Ltd.,Abdul Moeez,Karachi,Undeveloped
PharmEvo (Pvt) Ltd.,Hamza Ali Khan,Karachi,Undeveloped
Platinum Pharmaceuticals (Pvt) Ltd.,Hamza Ali Khan,Karachi,Developed
Pliva Pakistan (Pvt) Ltd.,Abdul Moeez,Karachi,Developed
Ray Pharma (Pvt) Ltd.,Abdul Moeez,Karachi,Developed
Reckitt Benckiser Pakistan Ltd.,Abdul Moeez,Karachi,Undeveloped
Regent Laboratories,Aaira Khan,Karachi,Undeveloped
Safe Pharma,Abdul Moeez,Karachi,Developed
S Ather n Brother,Abdul Moeez,Karachi,Developed
S.J & G. Fazul Ellahie (Pvt) Ltd.,Aaira Khan,Karachi,Developed
Saakh Pharma (Pvt) Ltd.,Mashood Ahmad,Karachi,Undeveloped
Sami Pharmaceuticals (Pvt) Ltd.,Hamza Ali Khan,Karachi,Developed
Hoechast (ex-sanofi),Abdul Moeez,Karachi,Undeveloped
Sante (Pvt) Ltd.,Aaira Khan,Karachi,Undeveloped
Scilife Pharma (Pvt) Ltd.,Aaira Khan,Karachi,Developed
Semos Pharmaceuticals (Pvt) Ltd.,Abdul Moeez,Karachi,Developed
SOIS Life Sciences,Abdul Moeez,Karachi,Undeveloped
Surge Laboratories Pvt Ltd,Hamza Ali Khan,Karachi,Developed
Swiss Pharmaceuticals (Pvt) Ltd.,Imran Khan,Karachi,Developed
Tabros Pharma (Pvt) Ltd.,Abdul Moeez,Karachi,Developed
The Searle Company Limited,Aaira Khan,Karachi,Undeveloped
Vetz Pharmaceutical Pvt.ltd,,Karachi,Developed
W.Woodward Pakistan Ltd.,Abdul Moeez,Karachi,Undeveloped
Winthrox Laboratories,Abdul Moeez,Karachi,Developed
Zanctok Pharmaceutical Laboratories,Hamza Ali Khan,Karachi,Developed
Zafa Pharmaceutical Lab (Pvt) Ltd.,Abdul Moeez,Karachi,Developed
